{
  "project_info": {
    "project_number": "1049082876625",
    "firebase_url": "https://onecupcafe-53108.firebaseio.com",
    "project_id": "onecupcafe-53108",
    "storage_bucket": "onecupcafe-53108.appspot.com"
  },
  "client": [
    {
      "client_info": {
        "mobilesdk_app_id": "1:1049082876625:android:a255f0cf72368f86",
        "android_client_info": {
          "package_name": "gameball.com.tw.onecupcafe"
        }
      },
      "oauth_client": [
        {
          "client_id": "1049082876625-nu3k6566sd8t74aa5u7f9tvgp6uupet1.apps.googleusercontent.com",
          "client_type": 3
        }
      ],
      "api_key": [
        {
          "current_key": "AIzaSyBthmvwwl261Tfl4znIybjaDViAgr7ZbXE"
        }
      ],
      "services": {
        "analytics_service": {
          "status": 1
        },
        "appinvite_service": {
          "status": 1,
          "other_platform_oauth_client": []
        },
        "ads_service": {
          "status": 2
        }
      }
    },
    {
      "client_info": {
        "mobilesdk_app_id": "1:1049082876625:android:57ea752241f7bdca",
        "android_client_info": {
          "package_name": "gameball.com.tw.onecupcafe.debug"
        }
      },
      "oauth_client": [
        {
          "client_id": "1049082876625-nu3k6566sd8t74aa5u7f9tvgp6uupet1.apps.googleusercontent.com",
          "client_type": 3
        }
      ],
      "api_key": [
        {
          "current_key": "AIzaSyBthmvwwl261Tfl4znIybjaDViAgr7ZbXE"
        }
      ],
      "services": {
        "analytics_service": {
          "status": 1
        },
        "appinvite_service": {
          "status": 1,
          "other_platform_oauth_client": []
        },
        "ads_service": {
          "status": 2
        }
      }
    }
  ],
  "configuration_version": "1"
}